{"stats": {"n": 2281152, "mean": -0.0005379102984828698, "median": 4.109847573374736e-09, "std": 0.15771199112127274, "min": -29.65587043762207, "max": 31.03284454345703, "p1": -0.23199865162372588, "p99": 0.2210581696033473, "kurt_excess": 10096.90422969845}, "full": {"edges": [-29.6559, -29.3206, -28.9853, -28.65, -28.3147, -27.9794, -27.6441, -27.3088, -26.9735, -26.6382, -26.3029, -25.9676, -25.6323, -25.297, -24.9617, -24.6264, -24.2911, -23.9558, -23.6205, -23.2852, -22.9499, -22.6146, -22.2793, -21.944, -21.6087, -21.2735, -20.9382, -20.6029, -20.2676, -19.9323, -19.597, -19.2617, -18.9264, -18.5911, -18.2558, -17.9205, -17.5852, -17.2499, -16.9146, -16.5793, -16.244, -15.9087, -15.5734, -15.2381, -14.9028, -14.5675, -14.2322, -13.8969, -13.5616, -13.2263, -12.891, -12.5557, -12.2204, -11.8851, -11.5498, -11.2145, -10.8793, -10.544, -10.2087, -9.8734, -9.5381, -9.2028, -8.8675, -8.5322, -8.1969, -7.8616, -7.5263, -7.191, -6.8557, -6.5204, -6.1851, -5.8498, -5.5145, -5.1792, -4.8439, -4.5086, -4.1733, -3.838, -3.5027, -3.1674, -2.8321, -2.4968, -2.1615, -1.8262, -1.4909, -1.1556, -0.8203, -0.4851, -0.1498, 0.1855, 0.5208, 0.8561, 1.1914, 1.5267, 1.862, 2.1973, 2.5326, 2.8679, 3.2032, 3.5385, 3.8738, 4.2091, 4.5444, 4.8797, 5.215, 5.5503, 5.8856, 6.2209, 6.5562, 6.8915, 7.2268, 7.5621, 7.8974, 8.2327, 8.568, 8.9033, 9.2386, 9.5739, 9.9091, 10.2444, 10.5797, 10.915, 11.2503, 11.5856, 11.9209, 12.2562, 12.5915, 12.9268, 13.2621, 13.5974, 13.9327, 14.268, 14.6033, 14.9386, 15.2739, 15.6092, 15.9445, 16.2798, 16.6151, 16.9504, 17.2857, 17.621, 17.9563, 18.2916, 18.6269, 18.9622, 19.2975, 19.6328, 19.9681, 20.3033, 20.6386, 20.9739, 21.3092, 21.6445, 21.9798, 22.3151, 22.6504, 22.9857, 23.321, 23.6563, 23.9916, 24.3269, 24.6622, 24.9975, 25.3328, 25.6681, 26.0034, 26.3387, 26.674, 27.0093, 27.3446, 27.6799, 28.0152, 28.3505, 28.6858, 29.0211, 29.3564, 29.6917, 30.027, 30.3623, 30.6975, 31.0328], "counts": [1, 1, 0, 0, 0, 0, 2, 0, 0, 0, 0, 0, 0, 0, 0, 0, 2, 0, 1, 0, 0, 0, 1, 0, 0, 4, 0, 0, 0, 2, 0, 0, 2, 1, 0, 2, 0, 0, 0, 0, 2, 2, 6, 1, 1, 1, 1, 2, 4, 1, 0, 0, 1, 1, 0, 2, 3, 2, 3, 2, 0, 2, 3, 3, 1, 5, 4, 3, 4, 6, 11, 5, 11, 12, 7, 18, 14, 30, 21, 21, 42, 45, 50, 89, 130, 258, 1466, 71327, 2169384, 36496, 913, 161, 103, 71, 65, 46, 33, 23, 24, 23, 21, 18, 5, 7, 11, 12, 5, 9, 5, 5, 7, 6, 5, 5, 1, 3, 2, 2, 0, 0, 1, 1, 1, 0, 1, 2, 1, 0, 3, 0, 1, 0, 0, 1, 3, 1, 2, 0, 0, 1, 2, 0, 0, 2, 0, 0, 0, 2, 1, 0, 3, 1, 0, 1, 1, 1, 0, 0, 0, 0, 0, 0, 0, 0, 0, 0, 1, 0, 0, 1, 0, 0, 1, 1, 0, 1, 0, 0, 0, 0, 1]}, "central": {"edges": [-0.3, -0.29625, -0.2925, -0.28875, -0.285, -0.28125, -0.2775, -0.27375, -0.27, -0.26625, -0.2625, -0.25875, -0.255, -0.25125, -0.2475, -0.24375, -0.24, -0.23625, -0.2325, -0.22875, -0.225, -0.22125, -0.2175, -0.21375, -0.21, -0.20625, -0.2025, -0.19875, -0.195, -0.19125, -0.1875, -0.18375, -0.18, -0.17625, -0.1725, -0.16875, -0.165, -0.16125, -0.1575, -0.15375, -0.15, -0.14625, -0.1425, -0.13875, -0.135, -0.13125, -0.1275, -0.12375, -0.12, -0.11625, -0.1125, -0.10875, -0.105, -0.10125, -0.0975, -0.09375, -0.09, -0.08625, -0.0825, -0.07875, -0.075, -0.07125, -0.0675, -0.06375, -0.06, -0.05625, -0.0525, -0.04875, -0.045, -0.04125, -0.0375, -0.03375, -0.03, -0.02625, -0.0225, -0.01875, -0.015, -0.01125, -0.0075, -0.00375, 0.0, 0.00375, 0.0075, 0.01125, 0.015, 0.01875, 0.0225, 0.02625, 0.03, 0.03375, 0.0375, 0.04125, 0.045, 0.04875, 0.0525, 0.05625, 0.06, 0.06375, 0.0675, 0.07125, 0.075, 0.07875, 0.0825, 0.08625, 0.09, 0.09375, 0.0975, 0.10125, 0.105, 0.10875, 0.1125, 0.11625, 0.12, 0.12375, 0.1275, 0.13125, 0.135, 0.13875, 0.1425, 0.14625, 0.15, 0.15375, 0.1575, 0.16125, 0.165, 0.16875, 0.1725, 0.17625, 0.18, 0.18375, 0.1875, 0.19125, 0.195, 0.19875, 0.2025, 0.20625, 0.21, 0.21375, 0.2175, 0.22125, 0.225, 0.22875, 0.2325, 0.23625, 0.24, 0.24375, 0.2475, 0.25125, 0.255, 0.25875, 0.2625, 0.26625, 0.27, 0.27375, 0.2775, 0.28125, 0.285, 0.28875, 0.2925, 0.29625, 0.3], "density": [0.048, 0.048, 0.056, 0.058, 0.065, 0.061, 0.07, 0.067, 0.074, 0.085, 0.089, 0.089, 0.097, 0.098, 0.112, 0.102, 0.116, 0.123, 0.134, 0.142, 0.147, 0.156, 0.17, 0.176, 0.19, 0.199, 0.209, 0.225, 0.24, 0.256, 0.275, 0.297, 0.303, 0.336, 0.351, 0.373, 0.401, 0.436, 0.478, 0.485, 0.526, 0.57, 0.584, 0.647, 0.693, 0.725, 0.792, 0.842, 0.895, 0.961, 1.024, 1.094, 1.151, 1.23, 1.334, 1.423, 1.546, 1.641, 1.747, 1.893, 2.023, 2.191, 2.321, 2.505, 2.687, 2.872, 3.075, 3.315, 3.555, 3.852, 4.152, 4.465, 4.871, 5.15, 5.645, 6.14, 6.749, 7.626, 9.619, 21.396, 20.329, 9.748, 7.853, 6.955, 6.322, 5.826, 5.387, 4.946, 4.642, 4.253, 3.988, 3.692, 3.484, 3.171, 2.962, 2.765, 2.593, 2.367, 2.224, 2.056, 1.92, 1.785, 1.669, 1.555, 1.424, 1.33, 1.267, 1.157, 1.088, 1.001, 0.947, 0.883, 0.837, 0.764, 0.716, 0.671, 0.618, 0.576, 0.546, 0.507, 0.468, 0.446, 0.407, 0.381, 0.35, 0.338, 0.311, 0.299, 0.273, 0.262, 0.238, 0.22, 0.211, 0.202, 0.184, 0.17, 0.158, 0.151, 0.139, 0.138, 0.129, 0.124, 0.11, 0.097, 0.099, 0.096, 0.089, 0.079, 0.075, 0.078, 0.071, 0.06, 0.066, 0.059, 0.055, 0.056, 0.053, 0.041, 0.051, 0.044]}, "per_kind": {"gru": {"edges": [-0.3, -0.295, -0.29, -0.285, -0.28, -0.275, -0.27, -0.265, -0.26, -0.255, -0.25, -0.245, -0.24, -0.235, -0.23, -0.225, -0.22, -0.215, -0.21, -0.205, -0.2, -0.195, -0.19, -0.185, -0.18, -0.175, -0.17, -0.165, -0.16, -0.155, -0.15, -0.145, -0.14, -0.135, -0.13, -0.125, -0.12, -0.115, -0.11, -0.105, -0.1, -0.095, -0.09, -0.085, -0.08, -0.075, -0.07, -0.065, -0.06, -0.055, -0.05, -0.045, -0.04, -0.035, -0.03, -0.025, -0.02, -0.015, -0.01, -0.005, 0.0, 0.005, 0.01, 0.015, 0.02, 0.025, 0.03, 0.035, 0.04, 0.045, 0.05, 0.055, 0.06, 0.065, 0.07, 0.075, 0.08, 0.085, 0.09, 0.095, 0.1, 0.105, 0.11, 0.115, 0.12, 0.125, 0.13, 0.135, 0.14, 0.145, 0.15, 0.155, 0.16, 0.165, 0.17, 0.175, 0.18, 0.185, 0.19, 0.195, 0.2, 0.205, 0.21, 0.215, 0.22, 0.225, 0.23, 0.235, 0.24, 0.245, 0.25, 0.255, 0.26, 0.265, 0.27, 0.275, 0.28, 0.285, 0.29, 0.295, 0.3], "density": [0.055, 0.058, 0.061, 0.072, 0.072, 0.077, 0.086, 0.098, 0.1, 0.111, 0.115, 0.117, 0.13, 0.146, 0.155, 0.168, 0.184, 0.195, 0.21, 0.232, 0.247, 0.271, 0.298, 0.33, 0.347, 0.384, 0.412, 0.461, 0.511, 0.537, 0.599, 0.644, 0.71, 0.776, 0.851, 0.925, 1.014, 1.096, 1.21, 1.288, 1.42, 1.561, 1.721, 1.877, 2.062, 2.258, 2.482, 2.712, 2.973, 3.221, 3.543, 3.892, 4.304, 4.705, 5.209, 5.661, 6.259, 6.967, 7.821, 13.293, 13.351, 8.004, 7.191, 6.46, 5.867, 5.324, 4.897, 4.419, 4.037, 3.712, 3.341, 3.046, 2.793, 2.514, 2.301, 2.096, 1.9, 1.751, 1.563, 1.426, 1.318, 1.192, 1.077, 0.999, 0.922, 0.822, 0.758, 0.682, 0.614, 0.58, 0.516, 0.48, 0.428, 0.393, 0.36, 0.337, 0.302, 0.281, 0.247, 0.234, 0.215, 0.191, 0.177, 0.161, 0.152, 0.145, 0.127, 0.113, 0.11, 0.103, 0.088, 0.085, 0.082, 0.069, 0.071, 0.064, 0.06, 0.056, 0.049, 0.051], "n": 1973760, "std": 0.0825513831409303}, "linear": {"edges": [-0.3, -0.295, -0.29, -0.285, -0.28, -0.275, -0.27, -0.265, -0.26, -0.255, -0.25, -0.245, -0.24, -0.235, -0.23, -0.225, -0.22, -0.215, -0.21, -0.205, -0.2, -0.195, -0.19, -0.185, -0.18, -0.175, -0.17, -0.165, -0.16, -0.155, -0.15, -0.145, -0.14, -0.135, -0.13, -0.125, -0.12, -0.115, -0.11, -0.105, -0.1, -0.095, -0.09, -0.085, -0.08, -0.075, -0.07, -0.065, -0.06, -0.055, -0.05, -0.045, -0.04, -0.035, -0.03, -0.025, -0.02, -0.015, -0.01, -0.005, 0.0, 0.005, 0.01, 0.015, 0.02, 0.025, 0.03, 0.035, 0.04, 0.045, 0.05, 0.055, 0.06, 0.065, 0.07, 0.075, 0.08, 0.085, 0.09, 0.095, 0.1, 0.105, 0.11, 0.115, 0.12, 0.125, 0.13, 0.135, 0.14, 0.145, 0.15, 0.155, 0.16, 0.165, 0.17, 0.175, 0.18, 0.185, 0.19, 0.195, 0.2, 0.205, 0.21, 0.215, 0.22, 0.225, 0.23, 0.235, 0.24, 0.245, 0.25, 0.255, 0.26, 0.265, 0.27, 0.275, 0.28, 0.285, 0.29, 0.295, 0.3],